month,month_label,fiscal_year,fiscal_period,sales_rep_id,sales_rep_name,monthly_quota,revenue,cogs,gross_margin,quota_attainment_pct,orders,active_stores,order_lines
2023-10-01,Oct 2023,2024,1,R01,Dana Whitfield,94500.0,1289840.51,1007025.48,282815.03,1364.91,688,145,4331
2023-10-01,Oct 2023,2024,1,R02,Marcus Oyelaran,104000.0,365460.37,280257.61,85202.77,351.4,165,31,1044
2023-10-01,Oct 2023,2024,1,R03,Priya Raghunathan,113500.0,1138481.06,890338.15,248142.92,1003.07,473,92,3182
2023-10-01,Oct 2023,2024,1,R04,Tomasz Bielski,123000.0,330285.32,260617.58,69667.75,268.52,210,43,1230
2023-10-01,Oct 2023,2024,1,R05,Renee Chartrand,132500.0,452123.69,346061.26,106062.42,341.23,273,57,1628
2023-10-01,Oct 2023,2024,1,R06,Sam Okonkwo,142000.0,749947.07,588159.46,161787.6,528.13,355,66,2294
2023-10-01,Oct 2023,2024,1,R07,Hana Sasaki,151500.0,437914.53,340477.34,97437.2,289.05,240,50,1453
2023-10-01,Oct 2023,2024,1,R08,Elliot Vance,161000.0,209285.54,161257.19,48028.36,129.99,110,20,684
2023-11-01,Nov 2023,2024,2,R01,Dana Whitfield,94500.0,1682976.07,1309596.99,373379.08,1780.93,779,146,4830
2023-11-01,Nov 2023,2024,2,R02,Marcus Oyelaran,104000.0,430256.52,335005.9,95250.62,413.71,177,30,1164
2023-11-01,Nov 2023,2024,2,R03,Priya Raghunathan,113500.0,1404936.74,1117519.5,287417.23,1237.83,508,93,3426
2023-11-01,Nov 2023,2024,2,R04,Tomasz Bielski,123000.0,336352.6,263930.13,72422.47,273.46,211,42,1205
2023-11-01,Nov 2023,2024,2,R05,Renee Chartrand,132500.0,527786.9,401412.71,126374.19,398.33,298,56,1731
2023-11-01,Nov 2023,2024,2,R06,Sam Okonkwo,142000.0,1011720.74,805689.66,206031.08,712.48,389,66,2529
2023-11-01,Nov 2023,2024,2,R07,Hana Sasaki,151500.0,500707.61,392608.89,108098.71,330.5,269,50,1627
2023-11-01,Nov 2023,2024,2,R08,Elliot Vance,161000.0,254145.9,198045.44,56100.46,157.85,118,20,716
2023-12-01,Dec 2023,2024,3,R01,Dana Whitfield,94500.0,1899380.92,1465034.54,434346.37,2009.93,812,146,5147
2023-12-01,Dec 2023,2024,3,R02,Marcus Oyelaran,104000.0,510235.42,392828.63,117406.79,490.61,184,31,1233
2023-12-01,Dec 2023,2024,3,R03,Priya Raghunathan,113500.0,1267602.25,992154.7,275447.55,1116.83,512,93,3296
2023-12-01,Dec 2023,2024,3,R04,Tomasz Bielski,123000.0,349981.78,273501.65,76480.14,284.54,216,43,1217
2023-12-01,Dec 2023,2024,3,R05,Renee Chartrand,132500.0,698562.8,544052.31,154510.49,527.22,321,57,1992
2023-12-01,Dec 2023,2024,3,R06,Sam Okonkwo,142000.0,904939.68,696625.69,208313.99,637.28,387,68,2464
2023-12-01,Dec 2023,2024,3,R07,Hana Sasaki,151500.0,602713.61,476717.77,125995.85,397.83,277,50,1614
2023-12-01,Dec 2023,2024,3,R08,Elliot Vance,161000.0,246113.01,179414.78,66698.23,152.87,106,20,667
2024-01-01,Jan 2024,2024,-8,R01,Dana Whitfield,94500.0,1381308.96,1059139.3,322169.66,1461.7,777,144,4932
2024-01-01,Jan 2024,2024,-8,R02,Marcus Oyelaran,104000.0,366226.0,281233.72,84992.28,352.14,181,31,1181
2024-01-01,Jan 2024,2024,-8,R03,Priya Raghunathan,113500.0,1049893.49,816120.23,233773.26,925.02,484,93,3196
2024-01-01,Jan 2024,2024,-8,R04,Tomasz Bielski,123000.0,303286.59,236313.68,66972.91,246.57,210,41,1173
2024-01-01,Jan 2024,2024,-8,R05,Renee Chartrand,132500.0,540865.82,412418.95,128446.86,408.2,307,56,1915
2024-01-01,Jan 2024,2024,-8,R06,Sam Okonkwo,142000.0,665023.48,508429.77,156593.71,468.33,365,68,2388
2024-01-01,Jan 2024,2024,-8,R07,Hana Sasaki,151500.0,417178.84,325149.13,92029.71,275.37,251,49,1476
2024-01-01,Jan 2024,2024,-8,R08,Elliot Vance,161000.0,192615.77,145118.62,47497.15,119.64,109,20,708
2024-02-01,Feb 2024,2024,-7,R01,Dana Whitfield,94500.0,1388538.63,1060766.7,327771.93,1469.35,768,144,4836
2024-02-01,Feb 2024,2024,-7,R02,Marcus Oyelaran,104000.0,336164.61,255517.44,80647.17,323.24,169,30,1149
2024-02-01,Feb 2024,2024,-7,R03,Priya Raghunathan,113500.0,967067.23,752659.25,214407.99,852.04,485,92,3222
2024-02-01,Feb 2024,2024,-7,R04,Tomasz Bielski,123000.0,320819.48,246195.15,74624.33,260.83,231,40,1339
2024-02-01,Feb 2024,2024,-7,R05,Renee Chartrand,132500.0,553687.86,421744.88,131942.97,417.88,342,57,2089
2024-02-01,Feb 2024,2024,-7,R06,Sam Okonkwo,142000.0,798505.43,624207.75,174297.68,562.33,395,66,2631
2024-02-01,Feb 2024,2024,-7,R07,Hana Sasaki,151500.0,485933.62,378086.63,107846.99,320.75,257,50,1580
2024-02-01,Feb 2024,2024,-7,R08,Elliot Vance,161000.0,182462.24,135936.98,46525.26,113.33,102,20,605
2024-03-01,Mar 2024,2024,-6,R01,Dana Whitfield,94500.0,1470955.06,1120575.21,350379.86,1556.57,761,143,4863
2024-03-01,Mar 2024,2024,-6,R02,Marcus Oyelaran,104000.0,479947.71,361915.46,118032.25,461.49,205,30,1443
2024-03-01,Mar 2024,2024,-6,R03,Priya Raghunathan,113500.0,983673.52,764601.08,219072.44,866.67,460,92,3105
2024-03-01,Mar 2024,2024,-6,R04,Tomasz Bielski,123000.0,334357.11,250552.66,83804.45,271.84,235,40,1407
2024-03-01,Mar 2024,2024,-6,R05,Renee Chartrand,132500.0,585561.53,437432.2,148129.33,441.93,332,56,2018
2024-03-01,Mar 2024,2024,-6,R06,Sam Okonkwo,142000.0,780953.78,608126.01,172827.78,549.97,385,68,2500
2024-03-01,Mar 2024,2024,-6,R07,Hana Sasaki,151500.0,555057.9,424397.26,130660.64,366.37,282,49,1754
2024-03-01,Mar 2024,2024,-6,R08,Elliot Vance,161000.0,228356.98,173457.92,54899.06,141.84,123,20,791
2024-04-01,Apr 2024,2024,-5,R01,Dana Whitfield,94500.0,1438194.68,1097922.3,340272.38,1521.9,765,140,4715
2024-04-01,Apr 2024,2024,-5,R02,Marcus Oyelaran,104000.0,391760.14,300853.82,90906.31,376.69,169,29,1131
2024-04-01,Apr 2024,2024,-5,R03,Priya Raghunathan,113500.0,1007815.16,777993.93,229821.23,887.94,421,89,2861
2024-04-01,Apr 2024,2024,-5,R04,Tomasz Bielski,123000.0,299248.8,228026.53,71222.27,243.29,204,38,1216
2024-04-01,Apr 2024,2024,-5,R05,Renee Chartrand,132500.0,583942.2,444388.0,139554.2,440.71,306,54,1889
2024-04-01,Apr 2024,2024,-5,R06,Sam Okonkwo,142000.0,878484.36,678483.86,200000.49,618.65,384,68,2597
2024-04-01,Apr 2024,2024,-5,R07,Hana Sasaki,151500.0,472107.43,362535.79,109571.64,311.62,233,47,1479
2024-04-01,Apr 2024,2024,-5,R08,Elliot Vance,161000.0,213169.97,155941.46,57228.51,132.4,114,20,716
2024-05-01,May 2024,2024,-4,R01,Dana Whitfield,94500.0,1439452.2,1097078.76,342373.44,1523.23,685,136,4390
2024-05-01,May 2024,2024,-4,R02,Marcus Oyelaran,104000.0,330049.06,252522.4,77526.66,317.35,171,31,1044
2024-05-01,May 2024,2024,-4,R03,Priya Raghunathan,113500.0,981943.53,768147.39,213796.14,865.15,436,89,2889
2024-05-01,May 2024,2024,-4,R04,Tomasz Bielski,123000.0,264161.01,198749.83,65411.18,214.77,185,36,1125
2024-05-01,May 2024,2024,-4,R05,Renee Chartrand,132500.0,619862.14,475561.52,144300.62,467.82,323,53,1933
2024-05-01,May 2024,2024,-4,R06,Sam Okonkwo,142000.0,779585.22,600464.91,179120.31,549.0,349,66,2260
2024-05-01,May 2024,2024,-4,R07,Hana Sasaki,151500.0,552290.86,427345.96,124944.9,364.55,257,48,1589
2024-05-01,May 2024,2024,-4,R08,Elliot Vance,161000.0,195415.59,143159.9,52255.69,121.38,96,19,619
2024-06-01,Jun 2024,2024,-3,R01,Dana Whitfield,94500.0,1572934.19,1204233.81,368700.38,1664.48,743,134,4785
2024-06-01,Jun 2024,2024,-3,R02,Marcus Oyelaran,104000.0,328882.59,253059.07,75823.52,316.23,163,31,966
2024-06-01,Jun 2024,2024,-3,R03,Priya Raghunathan,113500.0,1007215.72,772991.23,234224.48,887.41,429,88,2847
2024-06-01,Jun 2024,2024,-3,R04,Tomasz Bielski,123000.0,404697.38,317787.79,86909.6,329.02,222,38,1344
2024-06-01,Jun 2024,2024,-3,R05,Renee Chartrand,132500.0,584114.82,440226.75,143888.06,440.84,325,54,2005
2024-06-01,Jun 2024,2024,-3,R06,Sam Okonkwo,142000.0,796355.49,624137.28,172218.22,560.81,370,66,2347
2024-06-01,Jun 2024,2024,-3,R07,Hana Sasaki,151500.0,468002.95,359516.01,108486.93,308.91,240,46,1479
2024-06-01,Jun 2024,2024,-3,R08,Elliot Vance,161000.0,219368.28,160962.31,58405.97,136.25,96,19,676
2024-07-01,Jul 2024,2024,-2,R01,Dana Whitfield,94500.0,1466388.53,1118278.71,348109.82,1551.73,715,132,4509
2024-07-01,Jul 2024,2024,-2,R02,Marcus Oyelaran,104000.0,416595.3,320184.04,96411.26,400.57,185,31,1245
2024-07-01,Jul 2024,2024,-2,R03,Priya Raghunathan,113500.0,892389.68,681376.9,211012.78,786.25,398,84,2612
2024-07-01,Jul 2024,2024,-2,R04,Tomasz Bielski,123000.0,341080.11,266146.03,74934.08,277.3,209,38,1161
2024-07-01,Jul 2024,2024,-2,R05,Renee Chartrand,132500.0,628509.56,472999.68,155509.88,474.35,323,54,1995
2024-07-01,Jul 2024,2024,-2,R06,Sam Okonkwo,142000.0,847665.94,653643.73,194022.21,596.95,358,67,2425
2024-07-01,Jul 2024,2024,-2,R07,Hana Sasaki,151500.0,497294.17,381883.74,115410.43,328.25,264,46,1617
2024-07-01,Jul 2024,2024,-2,R08,Elliot Vance,161000.0,253429.17,191383.8,62045.37,157.41,104,19,733
2024-08-01,Aug 2024,2024,-1,R01,Dana Whitfield,94500.0,1608269.04,1214226.67,394042.37,1701.87,735,129,4877
2024-08-01,Aug 2024,2024,-1,R02,Marcus Oyelaran,104000.0,396154.24,295843.99,100310.25,380.92,176,31,1182
2024-08-01,Aug 2024,2024,-1,R03,Priya Raghunathan,113500.0,936111.18,705320.93,230790.25,824.77,422,83,2822
2024-08-01,Aug 2024,2024,-1,R04,Tomasz Bielski,123000.0,330573.1,255694.46,74878.64,268.76,194,37,1175
2024-08-01,Aug 2024,2024,-1,R05,Renee Chartrand,132500.0,540743.17,409275.49,131467.68,408.11,303,52,1741
2024-08-01,Aug 2024,2024,-1,R06,Sam Okonkwo,142000.0,787643.25,600622.37,187020.88,554.68,353,65,2381
2024-08-01,Aug 2024,2024,-1,R07,Hana Sasaki,151500.0,497337.5,374106.13,123231.38,328.28,239,42,1533
2024-08-01,Aug 2024,2024,-1,R08,Elliot Vance,161000.0,195870.34,144143.21,51727.13,121.66,99,19,634
2024-09-01,Sep 2024,2024,0,R01,Dana Whitfield,94500.0,1188864.79,907034.08,281830.71,1258.06,614,129,3836
2024-09-01,Sep 2024,2024,0,R02,Marcus Oyelaran,104000.0,374217.46,285834.97,88382.49,359.82,166,31,1078
2024-09-01,Sep 2024,2024,0,R03,Priya Raghunathan,113500.0,862362.56,665434.53,196928.03,759.79,377,80,2476
2024-09-01,Sep 2024,2024,0,R04,Tomasz Bielski,123000.0,324798.9,247099.1,77699.79,264.06,208,38,1207
2024-09-01,Sep 2024,2024,0,R05,Renee Chartrand,132500.0,585642.3,436170.38,149471.93,441.99,285,52,1714
2024-09-01,Sep 2024,2024,0,R06,Sam Okonkwo,142000.0,701428.29,538407.46,163020.82,493.96,334,64,2075
2024-09-01,Sep 2024,2024,0,R07,Hana Sasaki,151500.0,414392.95,310360.54,104032.41,273.53,236,42,1366
2024-09-01,Sep 2024,2024,0,R08,Elliot Vance,161000.0,183959.73,137879.26,46080.46,114.26,86,18,563
2024-10-01,Oct 2024,2025,1,R01,Dana Whitfield,1341434.13,1477376.66,1135157.66,342219.0,110.13,675,130,4393
2024-10-01,Oct 2024,2025,1,R02,Marcus Oyelaran,380078.79,359276.18,269666.48,89609.7,94.53,157,31,1022
2024-10-01,Oct 2024,2025,1,R03,Priya Raghunathan,1184020.31,974004.5,749175.55,224828.95,82.26,410,80,2762
2024-10-01,Oct 2024,2025,1,R04,Tomasz Bielski,343496.74,262825.98,200040.48,62785.5,76.51,200,38,1143
2024-10-01,Oct 2024,2025,1,R05,Renee Chartrand,470208.63,520839.14,390886.78,129952.36,110.77,260,53,1605
2024-10-01,Oct 2024,2025,1,R06,Sam Okonkwo,779944.95,757078.88,582106.73,174972.16,97.07,323,63,2123
2024-10-01,Oct 2024,2025,1,R07,Hana Sasaki,455431.11,447717.49,345649.8,102067.69,98.31,234,42,1450
2024-10-01,Oct 2024,2025,1,R08,Elliot Vance,217656.96,178042.44,130552.19,47490.25,81.8,109,18,663
2024-11-01,Nov 2024,2025,2,R01,Dana Whitfield,1750295.12,1435579.14,1091107.58,344471.56,82.02,618,129,4001
2024-11-01,Nov 2024,2025,2,R02,Marcus Oyelaran,447466.78,437175.48,340646.77,96528.71,97.7,176,32,1124
2024-11-01,Nov 2024,2025,2,R03,Priya Raghunathan,1461134.21,864675.11,649769.33,214905.78,59.18,380,78,2502
2024-11-01,Nov 2024,2025,2,R04,Tomasz Bielski,349806.71,300652.85,228763.46,71889.39,85.95,190,38,1088
2024-11-01,Nov 2024,2025,2,R05,Renee Chartrand,548898.37,556397.29,413386.11,143011.18,101.37,273,51,1726
2024-11-01,Nov 2024,2025,2,R06,Sam Okonkwo,1052189.57,855312.21,661799.74,193512.46,81.29,345,65,2232
2024-11-01,Nov 2024,2025,2,R07,Hana Sasaki,520735.91,530555.85,409095.27,121460.57,101.89,235,42,1421
2024-11-01,Nov 2024,2025,2,R08,Elliot Vance,264311.73,216112.24,158899.7,57212.53,81.76,108,19,698
2024-12-01,Dec 2024,2025,3,R01,Dana Whitfield,1975356.15,1622148.58,1241416.47,380732.11,82.12,699,131,4450
2024-12-01,Dec 2024,2025,3,R02,Marcus Oyelaran,530644.83,522458.79,395789.5,126669.29,98.46,188,31,1233
2024-12-01,Dec 2024,2025,3,R03,Priya Raghunathan,1318306.34,871135.46,663053.38,208082.07,66.08,350,77,2313
2024-12-01,Dec 2024,2025,3,R04,Tomasz Bielski,363981.05,297921.99,217635.97,80286.02,81.85,200,38,1126
2024-12-01,Dec 2024,2025,3,R05,Renee Chartrand,726505.31,638440.14,481793.22,156646.91,87.88,316,53,1947
2024-12-01,Dec 2024,2025,3,R06,Sam Okonkwo,941137.27,872109.71,688337.78,183771.93,92.67,334,62,2091
2024-12-01,Dec 2024,2025,3,R07,Hana Sasaki,626822.16,450328.03,342676.97,107651.07,71.84,217,43,1264
2024-12-01,Dec 2024,2025,3,R08,Elliot Vance,255957.53,234209.91,175115.42,59094.49,91.5,89,19,559
2025-01-01,Jan 2025,2025,-8,R01,Dana Whitfield,1436561.32,1263308.77,959893.99,303414.78,87.94,701,130,4421
2025-01-01,Jan 2025,2025,-8,R02,Marcus Oyelaran,380875.04,425406.59,320272.69,105133.9,111.69,206,33,1312
2025-01-01,Jan 2025,2025,-8,R03,Priya Raghunathan,1091889.23,772199.74,585890.78,186308.96,70.72,391,82,2501
2025-01-01,Jan 2025,2025,-8,R04,Tomasz Bielski,315418.06,292394.32,222350.65,70043.67,92.7,197,39,1156
2025-01-01,Jan 2025,2025,-8,R05,Renee Chartrand,562500.45,569734.11,421657.27,148076.84,101.29,321,53,2040
2025-01-01,Jan 2025,2025,-8,R06,Sam Okonkwo,691624.42,797066.12,617521.79,179544.33,115.25,356,65,2400
2025-01-01,Jan 2025,2025,-8,R07,Hana Sasaki,433865.99,392475.81,291823.55,100652.26,90.46,244,46,1467
2025-01-01,Jan 2025,2025,-8,R08,Elliot Vance,200320.4,175745.84,129577.59,46168.25,87.73,98,19,614
2025-02-01,Feb 2025,2025,-7,R01,Dana Whitfield,1444080.18,1273826.71,958622.64,315204.07,88.21,671,135,4203
2025-02-01,Feb 2025,2025,-7,R02,Marcus Oyelaran,349611.2,340039.45,257480.85,82558.6,97.26,171,34,1074
2025-02-01,Feb 2025,2025,-7,R03,Priya Raghunathan,1005749.92,884822.35,662967.15,221855.2,87.98,402,83,2696
2025-02-01,Feb 2025,2025,-7,R04,Tomasz Bielski,333652.26,265436.24,198926.52,66509.72,79.55,200,40,1094
2025-02-01,Feb 2025,2025,-7,R05,Renee Chartrand,575835.37,462734.45,339363.45,123371.01,80.36,296,53,1821
2025-02-01,Feb 2025,2025,-7,R06,Sam Okonkwo,830445.64,716122.41,540595.74,175526.67,86.23,352,65,2363
2025-02-01,Feb 2025,2025,-7,R07,Hana Sasaki,505370.96,409596.08,304640.19,104955.9,81.05,243,45,1476
2025-02-01,Feb 2025,2025,-7,R08,Elliot Vance,189760.73,219762.7,162252.64,57510.06,115.81,108,18,735
2025-03-01,Mar 2025,2025,-6,R01,Dana Whitfield,1529793.26,1459976.67,1082382.31,377594.36,95.44,807,134,5073
2025-03-01,Mar 2025,2025,-6,R02,Marcus Oyelaran,499145.62,453597.77,347170.05,106427.72,90.87,189,33,1234
2025-03-01,Mar 2025,2025,-6,R03,Priya Raghunathan,1023020.46,701520.64,528444.4,173076.24,68.57,378,83,2420
2025-03-01,Mar 2025,2025,-6,R04,Tomasz Bielski,347731.39,217016.98,159155.65,57861.33,62.41,198,37,1046
2025-03-01,Mar 2025,2025,-6,R05,Renee Chartrand,608983.99,595903.67,443820.79,152082.87,97.85,315,53,1992
2025-03-01,Mar 2025,2025,-6,R06,Sam Okonkwo,812191.94,751536.37,589958.9,161577.46,92.53,328,65,2172
2025-03-01,Mar 2025,2025,-6,R07,Hana Sasaki,577260.22,439155.88,329814.24,109341.64,76.08,251,46,1538
2025-03-01,Mar 2025,2025,-6,R08,Elliot Vance,237491.26,219596.79,162757.6,56839.19,92.47,101,18,698
2025-04-01,Apr 2025,2025,-5,R01,Dana Whitfield,1495722.47,1532692.61,1157350.13,375342.48,102.47,714,136,4487
2025-04-01,Apr 2025,2025,-5,R02,Marcus Oyelaran,407430.54,399624.1,294712.9,104911.19,98.08,176,33,1125
2025-04-01,Apr 2025,2025,-5,R03,Priya Raghunathan,1048127.76,841742.77,625736.84,216005.92,80.31,388,84,2538
2025-04-01,Apr 2025,2025,-5,R04,Tomasz Bielski,311218.75,258057.53,193754.31,64303.23,82.92,185,38,1079
2025-04-01,Apr 2025,2025,-5,R05,Renee Chartrand,607299.88,754289.26,558242.66,196046.6,124.2,340,54,2187
2025-04-01,Apr 2025,2025,-5,R06,Sam Okonkwo,913623.73,766238.48,588689.63,177548.85,83.87,336,63,2188
2025-04-01,Apr 2025,2025,-5,R07,Hana Sasaki,490991.72,525178.6,391165.75,134012.85,106.96,273,48,1632
2025-04-01,Apr 2025,2025,-5,R08,Elliot Vance,221696.77,145291.18,108049.77,37241.41,65.54,79,18,485
2025-05-01,May 2025,2025,-4,R01,Dana Whitfield,1497030.29,1355906.41,1000210.34,355696.07,90.57,713,134,4566
2025-05-01,May 2025,2025,-4,R02,Marcus Oyelaran,343251.02,353482.97,265201.47,88281.5,102.98,191,32,1123
2025-05-01,May 2025,2025,-4,R03,Priya Raghunathan,1021221.27,959047.85,737524.81,221523.04,93.91,397,86,2622
2025-05-01,May 2025,2025,-4,R04,Tomasz Bielski,274727.46,299541.27,224102.9,75438.37,109.03,193,38,1122
2025-05-01,May 2025,2025,-4,R05,Renee Chartrand,644656.63,559120.75,414233.24,144887.5,86.73,319,54,1910
2025-05-01,May 2025,2025,-4,R06,Sam Okonkwo,810768.63,861024.0,659166.71,201857.28,106.2,351,65,2310
2025-05-01,May 2025,2025,-4,R07,Hana Sasaki,574382.49,570175.78,425318.26,144857.52,99.27,301,51,1838
2025-05-01,May 2025,2025,-4,R08,Elliot Vance,203232.21,192579.41,136837.96,55741.45,94.76,108,17,630
2025-06-01,Jun 2025,2025,-3,R01,Dana Whitfield,1635851.56,1641507.97,1232164.07,409343.9,100.35,718,138,4672
2025-06-01,Jun 2025,2025,-3,R02,Marcus Oyelaran,342037.89,437050.76,331722.47,105328.28,127.78,172,29,1165
2025-06-01,Jun 2025,2025,-3,R03,Priya Raghunathan,1047504.35,781705.65,591269.58,190436.07,74.63,373,83,2387
2025-06-01,Jun 2025,2025,-3,R04,Tomasz Bielski,420885.28,269514.06,199045.41,70468.66,64.04,174,35,982
2025-06-01,Jun 2025,2025,-3,R05,Renee Chartrand,607479.41,616708.9,458749.58,157959.33,101.52,309,56,1825
2025-06-01,Jun 2025,2025,-3,R06,Sam Okonkwo,828209.71,750311.42,568816.01,181495.42,90.59,337,65,2169
2025-06-01,Jun 2025,2025,-3,R07,Hana Sasaki,486723.06,534993.14,398937.84,136055.3,109.92,312,54,1857
2025-06-01,Jun 2025,2025,-3,R08,Elliot Vance,228143.01,185455.39,133509.02,51946.37,81.29,97,20,604
2025-07-01,Jul 2025,2025,-2,R01,Dana Whitfield,1525044.08,1551453.96,1175131.5,376322.46,101.73,739,137,4584
2025-07-01,Jul 2025,2025,-2,R02,Marcus Oyelaran,433259.11,374381.78,285137.09,89244.69,86.41,167,32,1084
2025-07-01,Jul 2025,2025,-2,R03,Priya Raghunathan,928085.27,859824.15,662938.54,196885.61,92.64,361,82,2415
2025-07-01,Jul 2025,2025,-2,R04,Tomasz Bielski,354723.32,327774.51,248070.95,79703.56,92.4,200,37,1132
2025-07-01,Jul 2025,2025,-2,R05,Renee Chartrand,653649.94,599968.37,453842.83,146125.54,91.79,291,57,1736
2025-07-01,Jul 2025,2025,-2,R06,Sam Okonkwo,881572.57,786437.58,598957.77,187479.81,89.21,331,63,2192
2025-07-01,Jul 2025,2025,-2,R07,Hana Sasaki,517185.93,573828.97,429786.82,144042.15,110.95,299,52,1738
2025-07-01,Jul 2025,2025,-2,R08,Elliot Vance,263566.34,209763.79,149165.23,60598.56,79.59,97,19,620
2025-08-01,Aug 2025,2025,-1,R01,Dana Whitfield,1672599.8,1523623.55,1132538.27,391085.28,91.09,686,138,4381
2025-08-01,Aug 2025,2025,-1,R02,Marcus Oyelaran,412000.41,337917.7,244116.03,93801.67,82.02,164,32,1047
2025-08-01,Aug 2025,2025,-1,R03,Priya Raghunathan,973555.63,767235.64,575680.84,191554.8,78.81,363,79,2408
2025-08-01,Aug 2025,2025,-1,R04,Tomasz Bielski,343796.02,333295.63,251249.38,82046.24,96.95,181,39,1070
2025-08-01,Aug 2025,2025,-1,R05,Renee Chartrand,562372.9,570719.83,418795.49,151924.34,101.48,315,56,1842
2025-08-01,Aug 2025,2025,-1,R06,Sam Okonkwo,819148.98,838700.83,635465.42,203235.41,102.39,338,60,2205
2025-08-01,Aug 2025,2025,-1,R07,Hana Sasaki,517231.0,527120.32,389210.09,137910.22,101.91,286,55,1683
2025-08-01,Aug 2025,2025,-1,R08,Elliot Vance,203705.15,184019.09,138170.79,45848.3,90.34,95,19,571
2025-09-01,Sep 2025,2025,0,R01,Dana Whitfield,1236419.38,1589103.01,1181801.3,407301.71,128.52,726,132,4682
2025-09-01,Sep 2025,2025,0,R02,Marcus Oyelaran,389186.16,447524.27,338112.16,109412.12,114.99,185,32,1255
2025-09-01,Sep 2025,2025,0,R03,Priya Raghunathan,896857.07,766826.06,581566.9,185259.15,85.5,330,82,2248
2025-09-01,Sep 2025,2025,0,R04,Tomasz Bielski,337790.86,387054.69,300893.04,86161.65,114.58,197,41,1076
2025-09-01,Sep 2025,2025,0,R05,Renee Chartrand,609068.0,712217.15,529670.85,182546.3,116.94,331,59,2042
2025-09-01,Sep 2025,2025,0,R06,Sam Okonkwo,729485.42,731261.27,559810.43,171450.84,100.24,313,61,2116
2025-09-01,Sep 2025,2025,0,R07,Hana Sasaki,430968.67,612220.41,455753.96,156466.45,142.06,301,56,1839
2025-09-01,Sep 2025,2025,0,R08,Elliot Vance,191318.12,190520.31,138432.6,52087.7,99.58,105,19,674
2025-10-01,Oct 2025,2026,1,R01,Dana Whitfield,1536471.73,1436656.97,1069932.15,366724.82,93.5,745,135,4534
2025-10-01,Oct 2025,2026,1,R02,Marcus Oyelaran,373647.22,459054.58,345768.21,113286.37,122.86,197,32,1305
2025-10-01,Oct 2025,2026,1,R03,Priya Raghunathan,1012964.68,851713.58,635130.57,216583.0,84.08,389,82,2625
2025-10-01,Oct 2025,2026,1,R04,Tomasz Bielski,273339.02,334945.48,247440.77,87504.71,122.54,225,40,1268
2025-10-01,Oct 2025,2026,1,R05,Renee Chartrand,541672.71,686058.31,509885.47,176172.84,126.66,329,58,2061
2025-10-01,Oct 2025,2026,1,R06,Sam Okonkwo,787362.04,761508.39,593609.28,167899.12,96.72,334,62,2132
2025-10-01,Oct 2025,2026,1,R07,Hana Sasaki,465626.19,509765.29,381641.37,128123.92,109.48,288,54,1699
2025-10-01,Oct 2025,2026,1,R08,Elliot Vance,185164.14,233214.1,172364.0,60850.1,125.95,110,19,696
2025-11-01,Nov 2025,2026,2,R01,Dana Whitfield,1493002.31,1893050.27,1493519.6,399530.67,126.79,783,140,4896
2025-11-01,Nov 2025,2026,2,R02,Marcus Oyelaran,454662.5,452407.92,348476.66,103931.26,99.5,194,34,1199
2025-11-01,Nov 2025,2026,2,R03,Priya Raghunathan,899262.11,884647.8,700080.76,184567.04,98.37,371,84,2363
2025-11-01,Nov 2025,2026,2,R04,Tomasz Bielski,312678.96,375824.61,296648.44,79176.17,120.2,229,44,1284
2025-11-01,Nov 2025,2026,2,R05,Renee Chartrand,578653.18,694885.48,548000.99,146884.49,120.09,321,59,1988
2025-11-01,Nov 2025,2026,2,R06,Sam Okonkwo,889524.7,879025.19,702953.08,176072.11,98.82,301,63,2065
2025-11-01,Nov 2025,2026,2,R07,Hana Sasaki,551778.08,615557.16,470516.41,145040.75,111.56,314,56,1832
2025-11-01,Nov 2025,2026,2,R08,Elliot Vance,224756.72,243442.31,186018.67,57423.63,108.31,113,19,727
2025-12-01,Dec 2025,2026,3,R01,Dana Whitfield,1687034.52,1972894.29,1536652.79,436241.5,116.94,792,141,4990
2025-12-01,Dec 2025,2026,3,R02,Marcus Oyelaran,543357.14,582660.57,461950.06,120710.51,107.23,201,35,1310
2025-12-01,Dec 2025,2026,3,R03,Priya Raghunathan,905980.88,1163819.81,911167.14,252652.68,128.46,379,84,2658
2025-12-01,Dec 2025,2026,3,R04,Tomasz Bielski,309838.87,430267.26,340576.7,89690.55,138.87,228,43,1319
2025-12-01,Dec 2025,2026,3,R05,Renee Chartrand,663977.74,836859.06,635622.62,201236.44,126.04,360,58,2251
2025-12-01,Dec 2025,2026,3,R06,Sam Okonkwo,906994.1,827469.2,660783.92,166685.28,91.23,308,64,1979
2025-12-01,Dec 2025,2026,3,R07,Hana Sasaki,468341.16,654315.97,511683.5,142632.47,139.71,297,56,1832
2025-12-01,Dec 2025,2026,3,R08,Elliot Vance,243578.31,256691.94,193003.11,63688.83,105.38,113,19,730
2026-01-01,Jan 2026,2026,-8,R01,Dana Whitfield,1313841.12,1557980.24,1195062.49,362917.74,118.58,802,143,5137
2026-01-01,Jan 2026,2026,-8,R02,Marcus Oyelaran,442422.86,425547.09,328744.36,96802.74,96.19,197,37,1267
2026-01-01,Jan 2026,2026,-8,R03,Priya Raghunathan,803087.73,799864.36,622467.73,177396.62,99.6,351,85,2346
2026-01-01,Jan 2026,2026,-8,R04,Tomasz Bielski,304090.09,328391.1,245795.3,82595.81,107.99,245,45,1323
2026-01-01,Jan 2026,2026,-8,R05,Renee Chartrand,592523.47,583342.87,445179.67,138163.2,98.45,334,59,2057
2026-01-01,Jan 2026,2026,-8,R06,Sam Okonkwo,828948.77,630106.22,487494.16,142612.06,76.01,307,61,1996
2026-01-01,Jan 2026,2026,-8,R07,Hana Sasaki,408174.85,592368.98,457580.38,134788.6,145.13,317,58,1819
2026-01-01,Jan 2026,2026,-8,R08,Elliot Vance,182775.68,157950.78,118873.4,39077.39,86.42,87,20,557
2026-02-01,Feb 2026,2026,-7,R01,Dana Whitfield,1324779.78,1528627.56,1172967.36,355660.2,115.39,799,144,4960
2026-02-01,Feb 2026,2026,-7,R02,Marcus Oyelaran,353641.03,394214.45,296462.25,97752.2,111.47,187,34,1227
2026-02-01,Feb 2026,2026,-7,R03,Priya Raghunathan,920215.24,768823.45,586084.43,182739.03,83.55,392,88,2518
2026-02-01,Feb 2026,2026,-7,R04,Tomasz Bielski,276053.69,311723.19,233770.92,77952.27,112.92,232,46,1341
2026-02-01,Feb 2026,2026,-7,R05,Renee Chartrand,481243.83,626694.15,479367.24,147326.91,130.22,315,59,2028
2026-02-01,Feb 2026,2026,-7,R06,Sam Okonkwo,744767.31,629250.23,499307.77,129942.46,84.49,318,63,2074
2026-02-01,Feb 2026,2026,-7,R07,Hana Sasaki,425979.93,520208.15,395615.02,124593.13,122.12,328,58,1900
2026-02-01,Feb 2026,2026,-7,R08,Elliot Vance,228553.21,183892.7,141462.0,42430.7,80.46,106,20,595
2026-03-01,Mar 2026,2026,-6,R01,Dana Whitfield,1518375.73,1686815.67,1306884.35,379931.33,111.09,796,145,5087
2026-03-01,Mar 2026,2026,-6,R02,Marcus Oyelaran,471741.68,389376.92,298048.4,91328.52,82.54,172,37,1125
2026-03-01,Mar 2026,2026,-6,R03,Priya Raghunathan,729581.46,768380.11,586470.89,181909.21,105.32,383,87,2479
2026-03-01,Mar 2026,2026,-6,R04,Tomasz Bielski,225697.65,369163.34,279036.05,90127.28,163.57,241,45,1412
2026-03-01,Mar 2026,2026,-6,R05,Renee Chartrand,619739.81,651728.57,488371.03,163357.54,105.16,323,58,2104
2026-03-01,Mar 2026,2026,-6,R06,Sam Okonkwo,781597.82,665628.96,510229.03,155399.93,85.16,312,65,2124
2026-03-01,Mar 2026,2026,-6,R07,Hana Sasaki,456722.11,587801.28,451849.42,135951.86,128.7,315,58,1948
2026-03-01,Mar 2026,2026,-6,R08,Elliot Vance,228380.66,200594.83,148678.66,51916.18,87.83,120,20,738
2026-04-01,Apr 2026,2026,-5,R01,Dana Whitfield,1594000.32,1739658.95,1344986.63,394672.33,109.14,805,148,5145
2026-04-01,Apr 2026,2026,-5,R02,Marcus Oyelaran,415609.06,574538.95,441174.02,133364.93,138.24,217,38,1483
2026-04-01,Apr 2026,2026,-5,R03,Priya Raghunathan,875412.48,991036.81,768229.81,222806.99,113.21,416,85,2816
2026-04-01,Apr 2026,2026,-5,R04,Tomasz Bielski,268379.83,375857.69,287133.5,88724.19,140.05,270,46,1460
2026-04-01,Apr 2026,2026,-5,R05,Renee Chartrand,784460.83,607081.28,452319.79,154761.49,77.39,324,58,1986
2026-04-01,Apr 2026,2026,-5,R06,Sam Okonkwo,796888.02,676392.17,506193.32,170198.86,84.88,312,65,2073
2026-04-01,Apr 2026,2026,-5,R07,Hana Sasaki,546185.74,500170.65,380990.03,119180.63,91.58,289,56,1741
2026-04-01,Apr 2026,2026,-5,R08,Elliot Vance,151102.82,232270.03,176261.85,56008.19,153.72,112,21,659
2026-05-01,May 2026,2026,-4,R01,Dana Whitfield,1410142.67,1655524.92,1251473.34,404051.58,117.4,763,152,4879
2026-05-01,May 2026,2026,-4,R02,Marcus Oyelaran,367622.29,497893.13,369679.0,128214.13,135.44,218,38,1428
2026-05-01,May 2026,2026,-4,R03,Priya Raghunathan,997409.76,807790.08,620632.4,187157.68,80.99,377,88,2583
2026-05-01,May 2026,2026,-4,R04,Tomasz Bielski,311522.92,368498.26,278446.87,90051.39,118.29,241,45,1316
2026-05-01,May 2026,2026,-4,R05,Renee Chartrand,581485.58,663841.43,502399.26,161442.18,114.16,313,56,2042
2026-05-01,May 2026,2026,-4,R06,Sam Okonkwo,895464.96,641297.52,488495.18,152802.34,71.62,318,67,2026
2026-05-01,May 2026,2026,-4,R07,Hana Sasaki,592982.81,604830.11,455887.94,148942.17,102.0,325,60,2030
2026-05-01,May 2026,2026,-4,R08,Elliot Vance,200282.59,198930.21,145443.63,53486.58,99.32,108,20,659
2026-06-01,Jun 2026,2026,-3,R01,Dana Whitfield,1707168.28,1717747.76,1300015.72,417732.04,100.62,808,151,5042
2026-06-01,Jun 2026,2026,-3,R02,Marcus Oyelaran,454532.79,616849.57,482466.77,134382.8,135.71,226,38,1529
2026-06-01,Jun 2026,2026,-3,R03,Priya Raghunathan,812973.88,987419.24,772108.35,215310.9,121.46,430,87,2836
2026-06-01,Jun 2026,2026,-3,R04,Tomasz Bielski,280294.62,430323.22,319607.25,110715.97,153.53,287,46,1635
2026-06-01,Jun 2026,2026,-3,R05,Renee Chartrand,641377.26,668966.38,508505.97,160460.41,104.3,321,58,2017
2026-06-01,Jun 2026,2026,-3,R06,Sam Okonkwo,780323.88,783245.58,609870.89,173374.7,100.37,332,65,2191
2026-06-01,Jun 2026,2026,-3,R07,Hana Sasaki,556392.87,611672.15,463686.29,147985.85,109.94,295,56,1800
2026-06-01,Jun 2026,2026,-3,R08,Elliot Vance,192873.6,234670.35,181816.34,52854.01,121.67,90,21,593
2026-07-01,Jul 2026,2026,-2,R01,Dana Whitfield,1613512.12,147930.83,112383.33,35547.5,9.17,77,57,523
2026-07-01,Jul 2026,2026,-2,R02,Marcus Oyelaran,389357.05,18908.24,13267.16,5641.08,4.86,10,9,78
2026-07-01,Jul 2026,2026,-2,R03,Priya Raghunathan,894217.11,51714.57,37835.42,13879.14,5.78,32,24,212
2026-07-01,Jul 2026,2026,-2,R04,Tomasz Bielski,340885.49,15659.03,10723.39,4935.63,4.59,20,16,98
2026-07-01,Jul 2026,2026,-2,R05,Renee Chartrand,623967.1,70770.15,57556.57,13213.59,11.34,29,24,181
2026-07-01,Jul 2026,2026,-2,R06,Sam Okonkwo,817895.08,54801.02,44082.92,10718.1,6.7,23,20,148
2026-07-01,Jul 2026,2026,-2,R07,Hana Sasaki,596782.13,46445.03,35105.99,11339.04,7.78,35,23,196
2026-07-01,Jul 2026,2026,-2,R08,Elliot Vance,218154.34,31105.42,24542.86,6562.56,14.26,9,7,60
